N,TAU,HOP_LENGTH,Params,MACs,balanced_acc_mean,balanced_acc_std,top_1_acc_mean,top_1_acc_std,top_3_acc_mean,top_3_acc_std,rejection_recall_mean,rejection_recall_std,target_recall_mean,target_recall_std,macro_auc_pr_mean,macro_auc_pr_std,conf_correct_mean,conf_correct_std,conf_wrong_mean,conf_wrong_std
1,0.125,160,544,167329,0.9655221556428181,0.005805902628933147,0.9805845827654096,0.004313429197375229,,,0.9882832334642272,0.0023836456896846993,0.9199999999999999,0.01870213592698506,0.9588889901544331,0.007313705263765648,0.9732954,0.0024180582,0.73146486,0.017034987
1,0.125,320,544,84629,0.9692565317360454,0.0061065211210524035,0.9805088596092686,0.0032431265088574365,,,0.9882437719630426,0.0024005035399401907,0.9312820512820513,0.020059084323700405,0.9659325948855504,0.006757051407014106,0.9737705,0.0037157182,0.7402148,0.012237216
1,0.25,160,1408,399884,0.98065351510325,0.004370760218233634,0.9841738603665,0.0035485005342602047,,,0.9904674521420548,0.0023950545106264107,0.961025641025641,0.010634072488886027,0.9810871323745023,0.005264579744695187,0.984844,0.003119358,0.7488807,0.014094401
1,0.25,320,1408,202234,0.9793993881876482,0.003975023965221579,0.985097682871422,0.0020504063360382843,,,0.9911503643327544,0.0012546173100367653,0.9558974358974359,0.011806014803303962,0.9834033414650702,0.004009481739473804,0.9842598,0.0030463715,0.7355939,0.022010319
1,0.5,160,3365,947225,0.9819981498612396,0.0034864968012319492,0.9879448735423292,0.002001585188767898,,,0.9929972247918594,0.0012077382162684037,0.96,0.009864299518805823,0.987376790554632,0.002164355194984259,0.9891553,0.0020858264,0.7629652,0.034810893
1,0.5,320,3365,478925,0.9817402232018833,0.005506759495238102,0.9874299560805694,0.0016178903997593422,,,0.9926103348028249,0.0011084244269874324,0.96,0.01716225695454515,0.9880880587905241,0.0025293003333190715,0.98883885,0.0021983616,0.7403459,0.02598114
1,1.0,160,8935,2484287,0.9859100793421118,0.000980264940110944,0.9877177040739058,0.0038251063452641103,,,0.9927112728593217,0.0023796176566762677,0.9723076923076922,0.005847053462046839,0.9902325096228672,0.0018259903311420907,0.9895234,0.0023654762,0.7593442,0.025751423
1,1.0,320,8935,1255687,0.985602513539634,0.0018619923383629826,0.9886112373163713,0.0047803447320439105,,,0.993275565181246,0.003017973020908603,0.9702564102564102,0.006686361441233464,0.9907742046727377,0.0019089888665596,0.98863363,0.00522232,0.7318838,0.026485013
2,0.125,160,549,167334,0.8320639208949542,0.20053009296473243,0.821035892776011,0.12171550596771372,0.9958352264122368,0.004703682070113361,0.8572060114472349,0.14221248574024725,0.8069218303426735,0.25914501374487864,0.7867595885939549,0.19588075118854686,0.8196905,0.17351905,0.6570541,0.069695175
2,0.125,320,549,84634,0.8760175492099933,0.14750827409897724,0.8346812055126458,0.1774878689652213,0.9985158261396336,0.0015375716912765984,0.876510186077254,0.13989874914206907,0.8755249123427327,0.15551073749633687,0.8484958431731613,0.14951886685538335,0.8305111,0.18602258,0.66677845,0.11928399
2,0.25,160,1417,399893,0.968518805575127,0.0036754770619043245,0.9460245343025898,0.007020520824624245,0.9996213842192943,0.000414752807439917,0.9657609088313877,0.0046581234934964695,0.9712767023188661,0.008848366439429371,0.9679782488408291,0.007759886241660698,0.9593468,0.005288718,0.7401066,0.0031341827
2,0.25,320,1417,202243,0.9708321196595602,0.0015273437622336154,0.9502953203089504,0.004937591091957445,0.9997273966378918,0.0002709153993639076,0.9682643159271525,0.0033228417355633966,0.9733999233919679,0.0031657938764778197,0.9639586027480801,0.0062513560535533514,0.9630451,0.004174858,0.7521159,0.0068472666
2,0.5,160,3382,947242,0.9790899509419537,0.004799307629363587,0.9654702407996366,0.006387507433519152,0.9998182644252612,0.00020459270159180144,0.9783849756927999,0.003894745631013365,0.9797949261911076,0.005815399318165279,0.9830298013234746,0.007040622461356794,0.9766196,0.0018727981,0.7515313,0.010788044
2,0.5,320,3382,478942,0.9789059534615226,0.0026008908152080003,0.964970467969105,0.005352722026360089,0.9998485536877177,0.00017758654247399205,0.978025230827698,0.003505053226003741,0.9797866760953475,0.0037561688385784604,0.9813997406456304,0.002466048858901014,0.97785586,0.0017000213,0.76945907,0.012242002
2,1.0,160,8968,2484320,0.9862868343335085,0.0010421331226591172,0.975723156141148,0.0015036338553809012,0.9999545661063152,6.772884984098313e-05,0.9847460956684019,0.0010513673731137637,0.9878275729986152,0.0027145993538659216,0.9918453929790774,0.0012964916844572115,0.98423254,0.0013496241,0.7570368,0.02057628
2,1.0,320,8968,1255720,0.9844508771803625,0.0019856827980981513,0.9730577010449796,0.0021171360294277367,0.9999848553687718,3.3864424920483036e-05,0.9830247397168052,0.0013532264093341897,0.98587701464392,0.003427393837190891,0.9884086054555794,0.002353781828314772,0.9837632,0.0016795539,0.7713195,0.00765229
4,0.125,160,559,167344,0.8482370331819811,0.01652615317571441,0.6648644555505073,0.03873398207725213,0.9950022716946842,0.0015360792651143644,0.7707486395784418,0.02809338522749126,0.8869812299837507,0.011914822490202245,0.7494310678469664,0.02384004142904921,0.71559596,0.027663851,0.6443348,0.006938984
4,0.125,320,559,84644,0.869755211778825,0.005135322180966498,0.7195971528093291,0.021781368027516578,0.9949568378009996,0.001806755140256566,0.8048000331416146,0.014062225037982917,0.9022328010974302,0.013554889956411157,0.7992852920573205,0.01764992479466556,0.76254135,0.012876375,0.6626286,0.008672471
4,0.25,160,1435,399911,0.9375765965724266,0.006713377437814458,0.8636831743147054,0.01611315101726882,0.9984098137210358,0.00035517308494797717,0.9074729295780468,0.011083306775831046,0.9526284300696164,0.006202523944391786,0.9296085690066362,0.017985601902407077,0.89179933,0.013125985,0.6954117,0.004928536
4,0.25,320,1435,202261,0.9366525224009967,0.0066273979174586726,0.8666818112978948,0.014665642067894938,0.998742995608057,0.00037327752669593864,0.909661469467754,0.0101473179985064,0.950148048867618,0.006303758766570027,0.9292813984884445,0.013012294406521524,0.900448,0.011888595,0.69745773,0.0042276825
4,0.5,160,3416,947276,0.9622283074848955,0.0022266417552015924,0.9272603362108132,0.006116162649700966,0.9988338633954263,0.00030571905555330185,0.9507862256231832,0.00482695039320677,0.9679493484157519,0.0016107072970645091,0.9702162519955394,0.002973405727443866,0.94689095,0.0036840301,0.71252424,0.0059865573
4,0.5,320,3416,478976,0.9627014275552834,0.0008939104632182731,0.9291382704831138,0.006494866522042426,0.998682417083144,0.0003808807008923023,0.9524336529811009,0.004821138179929887,0.967835314842375,0.002663989880788549,0.9713076294359315,0.0009969549013185335,0.9477793,0.0035307833,0.70040965,0.009970416
4,1.0,160,9034,2484386,0.9740532409160577,0.0008286008787828959,0.9478570346812056,0.005331254377390068,0.9987884295017416,0.00038980880436876306,0.9650383229023595,0.003858476302488062,0.9785606999229067,0.002401517891188441,0.9833353128639327,0.001595376752614979,0.96821964,0.0014214552,0.7199055,0.011918749
4,1.0,320,9034,1255786,0.9699158888076995,0.0019238026672563295,0.9449795547478418,0.004547993527596606,0.9983643798273512,0.0006371553526566963,0.9635596839632713,0.0031882710070792594,0.9730939912299135,0.002289266153397838,0.9792338706475394,0.0018633011266199892,0.967848,0.0012088313,0.71408194,0.007171115
10,0.125,160,589,167374,0.6632663020337026,0.0822621377356891,0.4901408450704225,0.09133687103896106,0.80923822504922,0.06795347259941122,0.5893342181066816,0.1045677923259249,0.6780527188191069,0.08625740747517378,0.5929055549834128,0.09359138913491294,0.6198968,0.03435162,0.4534715,0.03838047
10,0.125,320,589,84674,0.7215502844068655,0.024274750695440127,0.5485082538240194,0.02680565502022833,0.8683628653642284,0.008482277979792917,0.6372694275781703,0.03704214912994073,0.7384064557726047,0.03214085518644051,0.6672328938475653,0.02175411351153644,0.6631529,0.028788893,0.4829504,0.024264477
10,0.25,160,1489,399965,0.8477723331294922,0.08181555953837145,0.7253218234135999,0.11425069297055117,0.9420566409207936,0.04062490516565404,0.7772219130730507,0.08883211886315318,0.8618824171407805,0.0808121523899411,0.8484496409611694,0.10232754143881952,0.79353774,0.060419153,0.5682872,0.028493347
10,0.25,320,1489,202315,0.878065864095898,0.023459457464065,0.7765712554899288,0.021998235028053124,0.9617598061487203,0.005295750775376581,0.8175062279045653,0.014391144248853412,0.8901777913341646,0.02540876882477497,0.8748756372316556,0.03503067314975842,0.81965435,0.023461292,0.58948314,0.016709568
10,0.5,160,3518,947378,0.9459568154623279,0.0018702329438797893,0.8978646069968196,0.004612093489507861,0.9865364228381039,0.0008673524799803891,0.9160066865371395,0.004282992999320903,0.9519468412473655,0.0021271334657010626,0.9681930106396566,0.0016819407141547467,0.9208725,0.002937944,0.6218771,0.0078476
10,0.5,320,3518,479078,0.9442305938862747,0.0028716575925160372,0.898939875814024,0.008254449232774722,0.9860669392700288,0.0012545843954097336,0.9177214604056825,0.0071614483205327826,0.9495324205823931,0.0024775068684644063,0.9668070629825509,0.0029393914641653836,0.91682214,0.007931735,0.6190919,0.00942391
10,1.0,160,9232,2484584,0.9676481693631114,0.0010688563145156214,0.9431016204755414,0.0024587298304596743,0.992745721641678,0.001057958455040016,0.9543702771218419,0.0023450417375273525,0.9703037478113654,0.0011361259743802668,0.9874479710318802,0.00047404296962511873,0.95690644,0.0030325474,0.62658334,0.015346204
10,1.0,320,9232,1255984,0.963825558752178,0.000659785248932691,0.9393306072997122,0.001434149399491856,0.9898530970770862,0.001396266008979712,0.9518988004757218,0.001573586765151969,0.9662109104074693,0.0007930092711684018,0.9851485666310176,0.0006940966247776016,0.9563751,0.0016255929,0.618536,0.0030313563
24,0.125,160,659,167444,0.3555786289303391,0.09760381408138283,0.4134635771618961,0.08154922322539979,0.6298197788883841,0.08649319192851418,0.47154570040710525,0.05186638819774744,0.3459147063072753,0.10548961392870933,0.3478058384208091,0.08048165744543115,0.4683469,0.058576833,0.26710972,0.03552226
24,0.125,320,659,84744,0.5156977008253194,0.06318193195461069,0.5509768287142208,0.06630018329992056,0.7530062092988036,0.058990365335730356,0.5061534150445832,0.055822026104876535,0.516493057973714,0.06380503496373398,0.5164947052579929,0.07260983763877449,0.52666634,0.060867503,0.3449448,0.031119153
24,0.25,160,1615,400091,0.7865529731259593,0.01018144989024724,0.7537937301226715,0.010922077678021332,0.9200969256398606,0.007616183699114384,0.5890395911075135,0.016514654671657757,0.8030124216274965,0.00974798019786517,0.837467099079513,0.01341714364227648,0.79427093,0.010942115,0.49172267,0.0047665457
24,0.25,320,1615,202441,0.7826574344216954,0.013348501233068728,0.7560199909132213,0.011395643155387597,0.9173557473875512,0.00993916544606434,0.6110928808164958,0.0161808043567546,0.7969544805554621,0.013769723146449942,0.8340144104434447,0.01345988358010666,0.77934647,0.011028946,0.49187154,0.010743983
24,0.5,160,3756,947616,0.8949251785273292,0.005334750567530798,0.8773890655762532,0.009373841649224775,0.9725882174769044,0.0025403962134205836,0.7941141447577009,0.023942425648016356,0.9033260980081316,0.005452070407206608,0.9451108355317871,0.004282758664105361,0.8794624,0.0046852734,0.53948605,0.009201889
24,0.5,320,3756,479316,0.896403720120445,0.004380825899333731,0.883568075117371,0.00593125517622788,0.9725730728456762,0.0018743584447913875,0.8158305623401783,0.012514401630357715,0.9031181499354671,0.00440776629009384,0.9477707646799202,0.002234562163802822,0.8927224,0.0057190955,0.5492949,0.007314188
24,1.0,160,9694,2485046,0.9477118295389207,0.0035173389175607787,0.9438739966681812,0.002844107713781295,0.9861275177949416,0.0007446324258028127,0.9132714266012414,0.00614959974831358,0.9505818631170607,0.0037193250459493297,0.9835165108005581,0.0012472107888665443,0.94691056,0.0012428513,0.54846984,0.012203293
24,1.0,320,9694,1256446,0.9439725917857074,0.002653416558120298,0.9399969710737544,0.003323030276849111,0.984037558685446,0.0013676365079375737,0.9108339222718371,0.007423312120924771,0.9467341475785298,0.0027259300519643414,0.9810872985261326,0.0011478379641869168,0.94685555,0.002507993,0.5563784,0.009602718
